{
    "layouts": {
        "LAYOUT": {
            "layout": [
                {
                    "row": 0,
                    "col": 0,
                    "x": -0.5,
                    "y": 0.625,
                    "w": 1,
                    "h": 1,
                    "r": 0,
                    "rx": -0.5,
                    "ry": 0.625
                },
                {
                    "row": 0,
                    "col": 1,
                    "x": 0.5,
                    "y": 0.625,
                    "w": 1,
                    "h": 1,
                    "r": 0,
                    "rx": 0.5,
                    "ry": 0.625
                },
                {
                    "row": 0,
                    "col": 2,
                    "x": 1.5,
                    "y": 0.5,
                    "w": 1,
                    "h": 1,
                    "r": 0,
                    "rx": 1.5,
                    "ry": 0.5
                },
                {
                    "row": 0,
                    "col": 3,
                    "x": 2.5,
                    "y": 0.25,
                    "w": 1,
                    "h": 1,
                    "r": 0,
                    "rx": 2.5,
                    "ry": 0.25
                },
                {
                    "row": 0,
                    "col": 4,
                    "x": 3.5,
                    "y": 0.375,
                    "w": 1,
                    "h": 1,
                    "r": 0,
                    "rx": 3.5,
                    "ry": 0.375
                },
                {
                    "row": 0,
                    "col": 5,
                    "x": 4.5,
                    "y": 0.5,
                    "w": 1,
                    "h": 1,
                    "r": 0,
                    "rx": 4.5,
                    "ry": 0.5
                },
                {
                    "row": 0,
                    "col": 6,
                    "x": 8.5,
                    "y": 0.5,
                    "w": 1,
                    "h": 1,
                    "r": 0,
                    "rx": 8.5,
                    "ry": 0.5
                },
                {
                    "row": 0,
                    "col": 7,
                    "x": 9.5,
                    "y": 0.375,
                    "w": 1,
                    "h": 1,
                    "r": 0,
                    "rx": 9.5,
                    "ry": 0.375
                },
                {
                    "row": 0,
                    "col": 8,
                    "x": 10.5,
                    "y": 0.25,
                    "w": 1,
                    "h": 1,
                    "r": 0,
                    "rx": 10.5,
                    "ry": 0.25
                },
                {
                    "row": 0,
                    "col": 9,
                    "x": 11.5,
                    "y": 0.5,
                    "w": 1,
                    "h": 1,
                    "r": 0,
                    "rx": 11.5,
                    "ry": 0.5
                },
                {
                    "row": 0,
                    "col": 10,
                    "x": 12.5,
                    "y": 0.625,
                    "w": 1,
                    "h": 1,
                    "r": 0,
                    "rx": 12.5,
                    "ry": 0.625
                },
                {
                    "row": 0,
                    "col": 11,
                    "x": 13.5,
                    "y": 0.625,
                    "w": 1,
                    "h": 1,
                    "r": 0,
                    "rx": 13.5,
                    "ry": 0.625
                },
                {
                    "row": 1,
                    "col": 0,
                    "x": -0.5,
                    "y": 1.625,
                    "w": 1,
                    "h": 1,
                    "r": 0,
                    "rx": -0.5,
                    "ry": 1.625
                },
                {
                    "row": 1,
                    "col": 1,
                    "x": 0.5,
                    "y": 1.625,
                    "w": 1,
                    "h": 1,
                    "r": 0,
                    "rx": 0.5,
                    "ry": 1.625
                },
                {
                    "row": 1,
                    "col": 2,
                    "x": 1.5,
                    "y": 1.5,
                    "w": 1,
                    "h": 1,
                    "r": 0,
                    "rx": 1.5,
                    "ry": 1.5
                },
                {
                    "row": 1,
                    "col": 3,
                    "x": 2.5,
                    "y": 1.25,
                    "w": 1,
                    "h": 1,
                    "r": 0,
                    "rx": 2.5,
                    "ry": 1.25
                },
                {
                    "row": 1,
                    "col": 4,
                    "x": 3.5,
                    "y": 1.375,
                    "w": 1,
                    "h": 1,
                    "r": 0,
                    "rx": 3.5,
                    "ry": 1.375
                },
                {
                    "row": 1,
                    "col": 5,
                    "x": 4.5,
                    "y": 1.5,
                    "w": 1,
                    "h": 1,
                    "r": 0,
                    "rx": 4.5,
                    "ry": 1.5
                },
                {
                    "row": 1,
                    "col": 6,
                    "x": 8.5,
                    "y": 1.5,
                    "w": 1,
                    "h": 1,
                    "r": 0,
                    "rx": 8.5,
                    "ry": 1.5
                },
                {
                    "row": 1,
                    "col": 7,
                    "x": 9.5,
                    "y": 1.375,
                    "w": 1,
                    "h": 1,
                    "r": 0,
                    "rx": 9.5,
                    "ry": 1.375
                },
                {
                    "row": 1,
                    "col": 8,
                    "x": 10.5,
                    "y": 1.25,
                    "w": 1,
                    "h": 1,
                    "r": 0,
                    "rx": 10.5,
                    "ry": 1.25
                },
                {
                    "row": 1,
                    "col": 9,
                    "x": 11.5,
                    "y": 1.5,
                    "w": 1,
                    "h": 1,
                    "r": 0,
                    "rx": 11.5,
                    "ry": 1.5
                },
                {
                    "row": 1,
                    "col": 10,
                    "x": 12.5,
                    "y": 1.625,
                    "w": 1,
                    "h": 1,
                    "r": 0,
                    "rx": 12.5,
                    "ry": 1.625
                },
                {
                    "row": 1,
                    "col": 11,
                    "x": 13.5,
                    "y": 1.625,
                    "w": 1,
                    "h": 1,
                    "r": 0,
                    "rx": 13.5,
                    "ry": 1.625
                },
                {
                    "row": 2,
                    "col": 0,
                    "x": -0.5,
                    "y": 2.625,
                    "w": 1,
                    "h": 1,
                    "r": 0,
                    "rx": -0.5,
                    "ry": 2.625
                },
                {
                    "row": 2,
                    "col": 1,
                    "x": 0.5,
                    "y": 2.625,
                    "w": 1,
                    "h": 1,
                    "r": 0,
                    "rx": 0.5,
                    "ry": 2.625
                },
                {
                    "row": 2,
                    "col": 2,
                    "x": 1.5,
                    "y": 2.5,
                    "w": 1,
                    "h": 1,
                    "r": 0,
                    "rx": 1.5,
                    "ry": 2.5
                },
                {
                    "row": 2,
                    "col": 3,
                    "x": 2.5,
                    "y": 2.25,
                    "w": 1,
                    "h": 1,
                    "r": 0,
                    "rx": 2.5,
                    "ry": 2.25
                },
                {
                    "row": 2,
                    "col": 4,
                    "x": 3.5,
                    "y": 2.375,
                    "w": 1,
                    "h": 1,
                    "r": 0,
                    "rx": 3.5,
                    "ry": 2.375
                },
                {
                    "row": 2,
                    "col": 5,
                    "x": 4.5,
                    "y": 2.5,
                    "w": 1,
                    "h": 1,
                    "r": 0,
                    "rx": 4.5,
                    "ry": 2.5
                },
                {
                    "row": 2,
                    "col": 6,
                    "x": 8.5,
                    "y": 2.5,
                    "w": 1,
                    "h": 1,
                    "r": 0,
                    "rx": 8.5,
                    "ry": 2.5
                },
                {
                    "row": 2,
                    "col": 7,
                    "x": 9.5,
                    "y": 2.375,
                    "w": 1,
                    "h": 1,
                    "r": 0,
                    "rx": 9.5,
                    "ry": 2.375
                },
                {
                    "row": 2,
                    "col": 8,
                    "x": 10.5,
                    "y": 2.25,
                    "w": 1,
                    "h": 1,
                    "r": 0,
                    "rx": 10.5,
                    "ry": 2.25
                },
                {
                    "row": 2,
                    "col": 9,
                    "x": 11.5,
                    "y": 2.5,
                    "w": 1,
                    "h": 1,
                    "r": 0,
                    "rx": 11.5,
                    "ry": 2.5
                },
                {
                    "row": 2,
                    "col": 10,
                    "x": 12.5,
                    "y": 2.625,
                    "w": 1,
                    "h": 1,
                    "r": 0,
                    "rx": 12.5,
                    "ry": 2.625
                },
                {
                    "row": 2,
                    "col": 11,
                    "x": 13.5,
                    "y": 2.625,
                    "w": 1,
                    "h": 1,
                    "r": 0,
                    "rx": 13.5,
                    "ry": 2.625
                },
                {
                    "row": 3,
                    "col": 0,
                    "x": -0.5,
                    "y": 3.625,
                    "w": 1,
                    "h": 1,
                    "r": 0,
                    "rx": -0.5,
                    "ry": 3.625
                },
                {
                    "row": 3,
                    "col": 1,
                    "x": 0.5,
                    "y": 3.625,
                    "w": 1,
                    "h": 1,
                    "r": 0,
                    "rx": 0.5,
                    "ry": 3.625
                },
                {
                    "row": 3,
                    "col": 2,
                    "x": 1.5,
                    "y": 3.5,
                    "w": 1,
                    "h": 1,
                    "r": 0,
                    "rx": 1.5,
                    "ry": 3.5
                },
                {
                    "row": 3,
                    "col": 3,
                    "x": 3.25,
                    "y": 3.75,
                    "w": 1,
                    "h": 1,
                    "r": 0,
                    "rx": 3.25,
                    "ry": 3.75
                },
                {
                    "row": 3,
                    "col": 4,
                    "x": 4.469420212327361,
                    "y": 3.795772034660431,
                    "w": 1,
                    "h": 1,
                    "r": 10,
                    "rx": 4.469420212327361,
                    "ry": 3.795772034660431
                },
                {
                    "row": 3,
                    "col": 5,
                    "x": 5.70116376126988,
                    "y": 4.0841436179442105,
                    "w": 1,
                    "h": 1,
                    "r": 20,
                    "rx": 5.70116376126988,
                    "ry": 4.0841436179442105
                },
                {
                    "row": 3,
                    "col": 6,
                    "x": 7.359143617944211,
                    "y": 4.42616376126988,
                    "w": 1,
                    "h": 1,
                    "r": -20,
                    "rx": 7.359143617944211,
                    "ry": 4.42616376126988
                },
                {
                    "row": 3,
                    "col": 7,
                    "x": 8.54577203466043,
                    "y": 3.969420212327361,
                    "w": 1,
                    "h": 1,
                    "r": -10,
                    "rx": 8.54577203466043,
                    "ry": 3.969420212327361
                },
                {
                    "row": 3,
                    "col": 8,
                    "x": 9.75,
                    "y": 3.75,
                    "w": 1,
                    "h": 1,
                    "r": 0,
                    "rx": 9.75,
                    "ry": 3.75
                },
                {
                    "row": 3,
                    "col": 9,
                    "x": 11.5,
                    "y": 3.5,
                    "w": 1,
                    "h": 1,
                    "r": 0,
                    "rx": 11.5,
                    "ry": 3.5
                },
                {
                    "row": 3,
                    "col": 10,
                    "x": 12.5,
                    "y": 3.625,
                    "w": 1,
                    "h": 1,
                    "r": 0,
                    "rx": 12.5,
                    "ry": 3.625
                },
                {
                    "row": 3,
                    "col": 11,
                    "x": 13.5,
                    "y": 3.625,
                    "w": 1,
                    "h": 1,
                    "r": 0,
                    "rx": 13.5,
                    "ry": 3.625
                }
            ]
        }
    }
}