{
    "layout": {
        "isSplit": true,
        "switchType": "choc2-19",
        "keyboardName": "Nazuna46",
        "minStabilizer": 2,
        "controllerType": "wireless",
        "leftData": {
            "schemeVersion": "1.2",
            "modules": {
                "switch-00-00": {
                    "x": 0,
                    "y": 0.625,
                    "a": 0,
                    "width": 1,
                    "height": 1,
                    "row": 0,
                    "col": 0,
                    "enabled": true,
                    "moduleType": "switch",
                    "variant": ""
                },
                "switch-00-01": {
                    "x": 1,
                    "y": 0.625,
                    "a": 0,
                    "width": 1,
                    "height": 1,
                    "row": 0,
                    "col": 1,
                    "enabled": true,
                    "moduleType": "switch",
                    "variant": ""
                },
                "switch-00-02": {
                    "x": 2,
                    "y": 0.5,
                    "a": 0,
                    "width": 1,
                    "height": 1,
                    "row": 0,
                    "col": 2,
                    "enabled": true,
                    "moduleType": "switch",
                    "variant": ""
                },
                "switch-00-03": {
                    "x": 3,
                    "y": 0.25,
                    "a": 0,
                    "width": 1,
                    "height": 1,
                    "row": 0,
                    "col": 3,
                    "enabled": true,
                    "moduleType": "switch",
                    "variant": ""
                },
                "switch-00-04": {
                    "x": 4,
                    "y": 0.375,
                    "a": 0,
                    "width": 1,
                    "height": 1,
                    "row": 0,
                    "col": 4,
                    "enabled": true,
                    "moduleType": "switch",
                    "variant": ""
                },
                "switch-00-05": {
                    "x": 5,
                    "y": 0.5,
                    "a": 0,
                    "width": 1,
                    "height": 1,
                    "row": 0,
                    "col": 5,
                    "enabled": true,
                    "moduleType": "switch",
                    "variant": ""
                },
                "switch-00-06": {
                    "x": 6,
                    "y": 1.025,
                    "a": 0,
                    "width": 1,
                    "height": 1,
                    "row": 0,
                    "col": 6,
                    "enabled": false,
                    "moduleType": "switch",
                    "variant": ""
                },
                "switch-00-07": {
                    "x": 7,
                    "y": 0.02499999999999991,
                    "a": 0,
                    "width": 1,
                    "height": 1,
                    "row": 0,
                    "col": 7,
                    "enabled": false,
                    "moduleType": "switch"
                },
                "switch-00-08": {
                    "x": 8,
                    "y": 0.02499999999999991,
                    "a": 0,
                    "width": 1,
                    "height": 1,
                    "row": 0,
                    "col": 8,
                    "enabled": false,
                    "moduleType": "switch"
                },
                "switch-00-09": {
                    "x": 9,
                    "y": 0.02499999999999991,
                    "a": 0,
                    "width": 1,
                    "height": 1,
                    "row": 0,
                    "col": 9,
                    "enabled": false,
                    "moduleType": "switch"
                },
                "switch-00-10": {
                    "x": 10,
                    "y": 0.02499999999999991,
                    "a": 0,
                    "width": 1,
                    "height": 1,
                    "row": 0,
                    "col": 10,
                    "enabled": false,
                    "moduleType": "switch"
                },
                "switch-00-11": {
                    "x": 11,
                    "y": 0.02499999999999991,
                    "a": 0,
                    "width": 1,
                    "height": 1,
                    "row": 0,
                    "col": 11,
                    "enabled": false,
                    "moduleType": "switch"
                },
                "switch-00-12": {
                    "x": 12,
                    "y": 0.02499999999999991,
                    "a": 0,
                    "width": 1,
                    "height": 1,
                    "row": 0,
                    "col": 12,
                    "enabled": false,
                    "moduleType": "switch"
                },
                "switch-01-00": {
                    "x": 0,
                    "y": 1.625,
                    "a": 0,
                    "width": 1,
                    "height": 1,
                    "row": 1,
                    "col": 0,
                    "enabled": true,
                    "moduleType": "switch",
                    "variant": ""
                },
                "switch-01-01": {
                    "x": 1,
                    "y": 1.625,
                    "a": 0,
                    "width": 1,
                    "height": 1,
                    "row": 1,
                    "col": 1,
                    "enabled": true,
                    "moduleType": "switch",
                    "variant": ""
                },
                "switch-01-02": {
                    "x": 2,
                    "y": 1.5,
                    "a": 0,
                    "width": 1,
                    "height": 1,
                    "row": 1,
                    "col": 2,
                    "enabled": true,
                    "moduleType": "switch",
                    "variant": ""
                },
                "switch-01-03": {
                    "x": 3,
                    "y": 1.25,
                    "a": 0,
                    "width": 1,
                    "height": 1,
                    "row": 1,
                    "col": 3,
                    "enabled": true,
                    "moduleType": "switch",
                    "variant": ""
                },
                "switch-01-04": {
                    "x": 4,
                    "y": 1.375,
                    "a": 0,
                    "width": 1,
                    "height": 1,
                    "row": 1,
                    "col": 4,
                    "enabled": true,
                    "moduleType": "switch",
                    "variant": ""
                },
                "switch-01-05": {
                    "x": 5,
                    "y": 1.5,
                    "a": 0,
                    "width": 1,
                    "height": 1,
                    "row": 1,
                    "col": 5,
                    "enabled": true,
                    "moduleType": "switch",
                    "variant": ""
                },
                "switch-01-06": {
                    "x": 6,
                    "y": 2.025,
                    "a": 0,
                    "width": 1,
                    "height": 1,
                    "row": 1,
                    "col": 6,
                    "enabled": false,
                    "moduleType": "switch",
                    "variant": ""
                },
                "switch-01-07": {
                    "x": 7,
                    "y": 1.025,
                    "a": 0,
                    "width": 1,
                    "height": 1,
                    "row": 1,
                    "col": 7,
                    "enabled": false,
                    "moduleType": "switch"
                },
                "switch-01-08": {
                    "x": 8,
                    "y": 1.025,
                    "a": 0,
                    "width": 1,
                    "height": 1,
                    "row": 1,
                    "col": 8,
                    "enabled": false,
                    "moduleType": "switch"
                },
                "switch-01-09": {
                    "x": 9,
                    "y": 1.025,
                    "a": 0,
                    "width": 1,
                    "height": 1,
                    "row": 1,
                    "col": 9,
                    "enabled": false,
                    "moduleType": "switch"
                },
                "switch-01-10": {
                    "x": 10,
                    "y": 1.025,
                    "a": 0,
                    "width": 1,
                    "height": 1,
                    "row": 1,
                    "col": 10,
                    "enabled": false,
                    "moduleType": "switch"
                },
                "switch-01-11": {
                    "x": 11,
                    "y": 1.025,
                    "a": 0,
                    "width": 1,
                    "height": 1,
                    "row": 1,
                    "col": 11,
                    "enabled": false,
                    "moduleType": "switch"
                },
                "switch-01-12": {
                    "x": 12,
                    "y": 1.025,
                    "a": 0,
                    "width": 1,
                    "height": 1,
                    "row": 1,
                    "col": 12,
                    "enabled": false,
                    "moduleType": "switch"
                },
                "switch-02-00": {
                    "x": 0,
                    "y": 2.625,
                    "a": 0,
                    "width": 1,
                    "height": 1,
                    "row": 2,
                    "col": 0,
                    "enabled": true,
                    "moduleType": "switch",
                    "variant": ""
                },
                "switch-02-01": {
                    "x": 1,
                    "y": 2.625,
                    "a": 0,
                    "width": 1,
                    "height": 1,
                    "row": 2,
                    "col": 1,
                    "enabled": true,
                    "moduleType": "switch",
                    "variant": ""
                },
                "switch-02-02": {
                    "x": 2,
                    "y": 2.5,
                    "a": 0,
                    "width": 1,
                    "height": 1,
                    "row": 2,
                    "col": 2,
                    "enabled": true,
                    "moduleType": "switch",
                    "variant": ""
                },
                "switch-02-03": {
                    "x": 3,
                    "y": 2.25,
                    "a": 0,
                    "width": 1,
                    "height": 1,
                    "row": 2,
                    "col": 3,
                    "enabled": true,
                    "moduleType": "switch",
                    "variant": ""
                },
                "switch-02-04": {
                    "x": 4,
                    "y": 2.375,
                    "a": 0,
                    "width": 1,
                    "height": 1,
                    "row": 2,
                    "col": 4,
                    "enabled": true,
                    "moduleType": "switch",
                    "variant": ""
                },
                "switch-02-05": {
                    "x": 5,
                    "y": 2.5,
                    "a": 0,
                    "width": 1,
                    "height": 1,
                    "row": 2,
                    "col": 5,
                    "enabled": true,
                    "moduleType": "switch",
                    "variant": ""
                },
                "switch-02-06": {
                    "x": 6.5,
                    "y": 3.275,
                    "a": 0,
                    "width": 1,
                    "height": 1,
                    "row": 2,
                    "col": 6,
                    "enabled": false,
                    "moduleType": "switch",
                    "variant": ""
                },
                "switch-02-07": {
                    "x": 7,
                    "y": 2.025,
                    "a": 0,
                    "width": 1,
                    "height": 1,
                    "row": 2,
                    "col": 7,
                    "enabled": false,
                    "moduleType": "switch"
                },
                "switch-02-08": {
                    "x": 8,
                    "y": 2.025,
                    "a": 0,
                    "width": 1,
                    "height": 1,
                    "row": 2,
                    "col": 8,
                    "enabled": false,
                    "moduleType": "switch"
                },
                "switch-02-09": {
                    "x": 9,
                    "y": 2.025,
                    "a": 0,
                    "width": 1,
                    "height": 1,
                    "row": 2,
                    "col": 9,
                    "enabled": false,
                    "moduleType": "switch"
                },
                "switch-02-10": {
                    "x": 10,
                    "y": 2.025,
                    "a": 0,
                    "width": 1,
                    "height": 1,
                    "row": 2,
                    "col": 10,
                    "enabled": false,
                    "moduleType": "switch"
                },
                "switch-02-11": {
                    "x": 11,
                    "y": 2.025,
                    "a": 0,
                    "width": 1,
                    "height": 1,
                    "row": 2,
                    "col": 11,
                    "enabled": false,
                    "moduleType": "switch"
                },
                "switch-02-12": {
                    "x": 12,
                    "y": 2.025,
                    "a": 0,
                    "width": 1,
                    "height": 1,
                    "row": 2,
                    "col": 12,
                    "enabled": false,
                    "moduleType": "switch"
                },
                "switch-03-00": {
                    "x": 0,
                    "y": 3.625,
                    "a": 0,
                    "width": 1,
                    "height": 1,
                    "row": 3,
                    "col": 0,
                    "enabled": true,
                    "moduleType": "switch",
                    "variant": ""
                },
                "switch-03-01": {
                    "x": 1,
                    "y": 3.625,
                    "a": 0,
                    "width": 1,
                    "height": 1,
                    "row": 3,
                    "col": 1,
                    "enabled": true,
                    "moduleType": "switch",
                    "variant": ""
                },
                "switch-03-02": {
                    "x": 2,
                    "y": 3.5,
                    "a": 0,
                    "width": 1,
                    "height": 1,
                    "row": 3,
                    "col": 2,
                    "enabled": true,
                    "moduleType": "switch",
                    "variant": ""
                },
                "switch-03-03": {
                    "x": 3.75,
                    "y": 3.75,
                    "a": 0,
                    "width": 1,
                    "height": 1,
                    "row": 3,
                    "col": 3,
                    "enabled": true,
                    "moduleType": "switch",
                    "variant": "choc2"
                },
                "switch-03-04": {
                    "x": 4.875,
                    "y": 3.875,
                    "a": 10,
                    "width": 1,
                    "height": 1,
                    "row": 3,
                    "col": 4,
                    "enabled": true,
                    "moduleType": "switch",
                    "variant": "choc2"
                },
                "switch-03-05": {
                    "x": 6,
                    "y": 4.225,
                    "a": 20,
                    "width": 1,
                    "height": 1,
                    "row": 3,
                    "col": 5,
                    "enabled": true,
                    "moduleType": "switch",
                    "variant": "choc2"
                },
                "switch-03-06": {
                    "x": 6.6,
                    "y": 4.025,
                    "a": 20,
                    "width": 1,
                    "height": 1,
                    "row": 3,
                    "col": 6,
                    "enabled": false,
                    "moduleType": "switch",
                    "variant": "choc2"
                },
                "switch-03-07": {
                    "x": 7,
                    "y": 3.025,
                    "a": 0,
                    "width": 1,
                    "height": 1,
                    "row": 3,
                    "col": 7,
                    "enabled": false,
                    "moduleType": "switch"
                },
                "switch-03-08": {
                    "x": 8,
                    "y": 3.025,
                    "a": 0,
                    "width": 1,
                    "height": 1,
                    "row": 3,
                    "col": 8,
                    "enabled": false,
                    "moduleType": "switch"
                },
                "switch-03-09": {
                    "x": 9,
                    "y": 3.025,
                    "a": 0,
                    "width": 1,
                    "height": 1,
                    "row": 3,
                    "col": 9,
                    "enabled": false,
                    "moduleType": "switch"
                },
                "switch-03-10": {
                    "x": 10,
                    "y": 3.025,
                    "a": 0,
                    "width": 1,
                    "height": 1,
                    "row": 3,
                    "col": 10,
                    "enabled": false,
                    "moduleType": "switch"
                },
                "switch-03-11": {
                    "x": 11,
                    "y": 3.025,
                    "a": 0,
                    "width": 1,
                    "height": 1,
                    "row": 3,
                    "col": 11,
                    "enabled": false,
                    "moduleType": "switch"
                },
                "switch-03-12": {
                    "x": 12,
                    "y": 3.025,
                    "a": 0,
                    "width": 1,
                    "height": 1,
                    "row": 3,
                    "col": 12,
                    "enabled": false,
                    "moduleType": "switch"
                },
                "switch-04-00": {
                    "x": 1,
                    "y": 4.65,
                    "a": 0,
                    "width": 1,
                    "height": 1,
                    "row": 4,
                    "col": 0,
                    "enabled": false,
                    "moduleType": "switch",
                    "variant": ""
                },
                "switch-04-01": {
                    "x": 2,
                    "y": 4.65,
                    "a": 0,
                    "width": 1,
                    "height": 1,
                    "row": 4,
                    "col": 1,
                    "enabled": false,
                    "moduleType": "switch"
                },
                "switch-04-02": {
                    "x": 3,
                    "y": 4.4,
                    "a": 0,
                    "width": 1,
                    "height": 1,
                    "row": 4,
                    "col": 2,
                    "enabled": false,
                    "moduleType": "switch"
                },
                "switch-04-03": {
                    "x": 4.25,
                    "y": 4.4,
                    "a": 0,
                    "width": 1,
                    "height": 1,
                    "row": 4,
                    "col": 3,
                    "enabled": false,
                    "moduleType": "switch",
                    "variant": "choc2"
                },
                "switch-04-04": {
                    "x": 5.375,
                    "y": 4.525,
                    "a": 15,
                    "width": 1,
                    "height": 1,
                    "row": 4,
                    "col": 4,
                    "enabled": false,
                    "moduleType": "switch",
                    "variant": "choc2"
                },
                "switch-04-05": {
                    "x": 6.386987298107779,
                    "y": 4.864999999999998,
                    "a": 22,
                    "width": 1,
                    "height": 1,
                    "row": 4,
                    "col": 5,
                    "enabled": false,
                    "moduleType": "switch",
                    "variant": "choc2"
                },
                "switch-04-06": {
                    "x": 7.348012701892219,
                    "y": 5.334999999999999,
                    "a": 30,
                    "width": 1,
                    "height": 1,
                    "row": 4,
                    "col": 6,
                    "enabled": false,
                    "moduleType": "switch",
                    "variant": "choc2"
                },
                "switch-04-07": {
                    "x": 7,
                    "y": 4.025,
                    "a": 0,
                    "width": 1,
                    "height": 1,
                    "row": 4,
                    "col": 7,
                    "enabled": false,
                    "moduleType": "switch"
                },
                "switch-04-08": {
                    "x": 8,
                    "y": 4.025,
                    "a": 0,
                    "width": 1,
                    "height": 1,
                    "row": 4,
                    "col": 8,
                    "enabled": false,
                    "moduleType": "switch"
                },
                "switch-04-09": {
                    "x": 9,
                    "y": 4.025,
                    "a": 0,
                    "width": 1,
                    "height": 1,
                    "row": 4,
                    "col": 9,
                    "enabled": false,
                    "moduleType": "switch"
                },
                "switch-04-10": {
                    "x": 10,
                    "y": 4.025,
                    "a": 0,
                    "width": 1,
                    "height": 1,
                    "row": 4,
                    "col": 10,
                    "enabled": false,
                    "moduleType": "switch"
                },
                "switch-04-11": {
                    "x": 11,
                    "y": 4.025,
                    "a": 0,
                    "width": 1,
                    "height": 1,
                    "row": 4,
                    "col": 11,
                    "enabled": false,
                    "moduleType": "switch"
                },
                "switch-04-12": {
                    "x": 12,
                    "y": 4.025,
                    "a": 0,
                    "width": 1,
                    "height": 1,
                    "row": 4,
                    "col": 12,
                    "enabled": false,
                    "moduleType": "switch"
                },
                "switch-05-00": {
                    "x": 0,
                    "y": 5.025,
                    "a": 0,
                    "width": 1,
                    "height": 1,
                    "row": 5,
                    "col": 0,
                    "enabled": false,
                    "moduleType": "switch"
                },
                "switch-05-01": {
                    "x": 1,
                    "y": 5.025,
                    "a": 0,
                    "width": 1,
                    "height": 1,
                    "row": 5,
                    "col": 1,
                    "enabled": false,
                    "moduleType": "switch"
                },
                "switch-05-02": {
                    "x": 2,
                    "y": 5.025,
                    "a": 0,
                    "width": 1,
                    "height": 1,
                    "row": 5,
                    "col": 2,
                    "enabled": false,
                    "moduleType": "switch"
                },
                "switch-05-03": {
                    "x": 3,
                    "y": 5.025,
                    "a": 0,
                    "width": 1,
                    "height": 1,
                    "row": 5,
                    "col": 3,
                    "enabled": false,
                    "moduleType": "switch"
                },
                "switch-05-04": {
                    "x": 4,
                    "y": 5.025,
                    "a": 0,
                    "width": 1,
                    "height": 1,
                    "row": 5,
                    "col": 4,
                    "enabled": false,
                    "moduleType": "switch"
                },
                "switch-05-05": {
                    "x": 5,
                    "y": 5.025,
                    "a": 0,
                    "width": 1,
                    "height": 1,
                    "row": 5,
                    "col": 5,
                    "enabled": false,
                    "moduleType": "switch"
                },
                "switch-05-06": {
                    "x": 6,
                    "y": 5.025,
                    "a": 0,
                    "width": 1,
                    "height": 1,
                    "row": 5,
                    "col": 6,
                    "enabled": false,
                    "moduleType": "switch"
                },
                "switch-05-07": {
                    "x": 7,
                    "y": 5.025,
                    "a": 0,
                    "width": 1,
                    "height": 1,
                    "row": 5,
                    "col": 7,
                    "enabled": false,
                    "moduleType": "switch"
                },
                "switch-05-08": {
                    "x": 8,
                    "y": 5.025,
                    "a": 0,
                    "width": 1,
                    "height": 1,
                    "row": 5,
                    "col": 8,
                    "enabled": false,
                    "moduleType": "switch"
                },
                "switch-05-09": {
                    "x": 9,
                    "y": 5.025,
                    "a": 0,
                    "width": 1,
                    "height": 1,
                    "row": 5,
                    "col": 9,
                    "enabled": false,
                    "moduleType": "switch"
                },
                "switch-05-10": {
                    "x": 10,
                    "y": 5.025,
                    "a": 0,
                    "width": 1,
                    "height": 1,
                    "row": 5,
                    "col": 10,
                    "enabled": false,
                    "moduleType": "switch"
                },
                "switch-05-11": {
                    "x": 11,
                    "y": 5.025,
                    "a": 0,
                    "width": 1,
                    "height": 1,
                    "row": 5,
                    "col": 11,
                    "enabled": false,
                    "moduleType": "switch"
                },
                "switch-05-12": {
                    "x": 12,
                    "y": 5.025,
                    "a": 0,
                    "width": 1,
                    "height": 1,
                    "row": 5,
                    "col": 12,
                    "enabled": false,
                    "moduleType": "switch"
                },
                "controller": {
                    "x": 3,
                    "y": 0.25,
                    "a": 0,
                    "width": 2,
                    "height": 1,
                    "row": 6,
                    "col": 0,
                    "enabled": true,
                    "moduleType": "controller",
                    "variant": "side-2"
                },
                "encoder": {
                    "x": 0,
                    "y": 0.02499999999999991,
                    "a": 0,
                    "width": 1,
                    "height": 1,
                    "row": 6,
                    "col": 1,
                    "enabled": false,
                    "moduleType": "encoder"
                },
                "trackball": {
                    "x": 6.75,
                    "y": 1.275,
                    "a": -180,
                    "width": 2,
                    "height": 2,
                    "row": 6,
                    "col": 2,
                    "enabled": false,
                    "moduleType": "trackball",
                    "variant": "thumb-34"
                },
                "switch-00-13": {
                    "x": 13,
                    "y": 0.02499999999999991,
                    "a": 0,
                    "width": 1,
                    "height": 1,
                    "row": 0,
                    "col": 13,
                    "enabled": false,
                    "moduleType": "switch",
                    "variant": "default"
                },
                "switch-01-13": {
                    "x": 13,
                    "y": 1.025,
                    "a": 0,
                    "width": 1,
                    "height": 1,
                    "row": 1,
                    "col": 13,
                    "enabled": false,
                    "moduleType": "switch",
                    "variant": "default"
                },
                "switch-02-13": {
                    "x": 13,
                    "y": 2.025,
                    "a": 0,
                    "width": 1,
                    "height": 1,
                    "row": 2,
                    "col": 13,
                    "enabled": false,
                    "moduleType": "switch",
                    "variant": "default"
                },
                "switch-00-14": {
                    "x": 14,
                    "y": 0.02499999999999991,
                    "a": 0,
                    "width": 1,
                    "height": 1,
                    "row": 0,
                    "col": 14,
                    "enabled": false,
                    "moduleType": "switch",
                    "variant": "default"
                },
                "switch-01-14": {
                    "x": 14,
                    "y": 1.025,
                    "a": 0,
                    "width": 1,
                    "height": 1,
                    "row": 1,
                    "col": 14,
                    "enabled": false,
                    "moduleType": "switch",
                    "variant": "default"
                },
                "switch-02-14": {
                    "x": 14,
                    "y": 2.025,
                    "a": 0,
                    "width": 1,
                    "height": 1,
                    "row": 2,
                    "col": 14,
                    "enabled": false,
                    "moduleType": "switch",
                    "variant": "default"
                },
                "switch-03-13": {
                    "x": 13,
                    "y": 3.025,
                    "a": 0,
                    "width": 1,
                    "height": 1,
                    "row": 3,
                    "col": 13,
                    "enabled": false,
                    "moduleType": "switch",
                    "variant": "default"
                },
                "switch-00-15": {
                    "x": 15,
                    "y": 0.02499999999999991,
                    "a": 0,
                    "width": 1,
                    "height": 1,
                    "row": 0,
                    "col": 15,
                    "enabled": false,
                    "moduleType": "switch",
                    "variant": "default"
                },
                "switch-00-16": {
                    "x": 16,
                    "y": 0.02499999999999991,
                    "a": 0,
                    "width": 1,
                    "height": 1,
                    "row": 0,
                    "col": 16,
                    "enabled": false,
                    "moduleType": "switch",
                    "variant": "default"
                },
                "switch-03-14": {
                    "x": 14,
                    "y": 3.025,
                    "a": 0,
                    "width": 1,
                    "height": 1,
                    "row": 3,
                    "col": 14,
                    "enabled": false,
                    "moduleType": "switch",
                    "variant": "default"
                },
                "switch-01-15": {
                    "x": 15,
                    "y": 1.025,
                    "a": 0,
                    "width": 1,
                    "height": 1,
                    "row": 1,
                    "col": 15,
                    "enabled": false,
                    "moduleType": "switch",
                    "variant": "default"
                },
                "switch-02-15": {
                    "x": 15,
                    "y": 2.025,
                    "a": 0,
                    "width": 1,
                    "height": 1,
                    "row": 2,
                    "col": 15,
                    "enabled": false,
                    "moduleType": "switch",
                    "variant": "default"
                },
                "switch-03-15": {
                    "x": 15,
                    "y": 3.025,
                    "a": 0,
                    "width": 1,
                    "height": 1,
                    "row": 3,
                    "col": 15,
                    "enabled": false,
                    "moduleType": "switch",
                    "variant": "default"
                },
                "switch-01-16": {
                    "x": 16,
                    "y": 1.025,
                    "a": 0,
                    "width": 1,
                    "height": 1,
                    "row": 1,
                    "col": 16,
                    "enabled": false,
                    "moduleType": "switch",
                    "variant": "default"
                },
                "switch-02-16": {
                    "x": 16,
                    "y": 2.025,
                    "a": 0,
                    "width": 1,
                    "height": 1,
                    "row": 2,
                    "col": 16,
                    "enabled": false,
                    "moduleType": "switch",
                    "variant": "default"
                },
                "switch-03-16": {
                    "x": 16,
                    "y": 3.025,
                    "a": 0,
                    "width": 1,
                    "height": 1,
                    "row": 3,
                    "col": 16,
                    "enabled": false,
                    "moduleType": "switch",
                    "variant": "default"
                },
                "switch-00-17": {
                    "x": 17,
                    "y": 0.02499999999999991,
                    "a": 0,
                    "width": 1,
                    "height": 1,
                    "row": 0,
                    "col": 17,
                    "enabled": false,
                    "moduleType": "switch",
                    "variant": "default"
                },
                "switch-01-17": {
                    "x": 17,
                    "y": 1.025,
                    "a": 0,
                    "width": 1,
                    "height": 1,
                    "row": 1,
                    "col": 17,
                    "enabled": false,
                    "moduleType": "switch",
                    "variant": "default"
                },
                "switch-02-17": {
                    "x": 17,
                    "y": 2.025,
                    "a": 0,
                    "width": 1,
                    "height": 1,
                    "row": 2,
                    "col": 17,
                    "enabled": false,
                    "moduleType": "switch",
                    "variant": "default"
                },
                "switch-03-17": {
                    "x": 17,
                    "y": 3.025,
                    "a": 0,
                    "width": 1,
                    "height": 1,
                    "row": 3,
                    "col": 17,
                    "enabled": false,
                    "moduleType": "switch",
                    "variant": "default"
                },
                "switch-06-00": {
                    "x": 0,
                    "y": 6.025,
                    "a": 0,
                    "width": 1,
                    "height": 1,
                    "row": 6,
                    "col": 0,
                    "enabled": false,
                    "moduleType": "switch"
                },
                "switch-06-01": {
                    "x": 1,
                    "y": 6.025,
                    "a": 0,
                    "width": 1,
                    "height": 1,
                    "row": 6,
                    "col": 1,
                    "enabled": false,
                    "moduleType": "switch"
                },
                "switch-06-02": {
                    "x": 2,
                    "y": 6.025,
                    "a": 0,
                    "width": 1,
                    "height": 1,
                    "row": 6,
                    "col": 2,
                    "enabled": false,
                    "moduleType": "switch"
                },
                "switch-06-03": {
                    "x": 3,
                    "y": 6.025,
                    "a": 0,
                    "width": 1,
                    "height": 1,
                    "row": 6,
                    "col": 3,
                    "enabled": false,
                    "moduleType": "switch"
                },
                "switch-06-04": {
                    "x": 4,
                    "y": 6.025,
                    "a": 0,
                    "width": 1,
                    "height": 1,
                    "row": 6,
                    "col": 4,
                    "enabled": false,
                    "moduleType": "switch"
                },
                "switch-06-05": {
                    "x": 5,
                    "y": 6.025,
                    "a": 0,
                    "width": 1,
                    "height": 1,
                    "row": 6,
                    "col": 5,
                    "enabled": false,
                    "moduleType": "switch"
                },
                "padding-00": {
                    "x": 5.5,
                    "y": 1.775,
                    "a": 0,
                    "width": 5,
                    "height": 4,
                    "row": 0,
                    "col": 0,
                    "enabled": false,
                    "moduleType": "padding",
                    "variant": ""
                },
                "padding-01": {
                    "x": 3,
                    "y": 3.5,
                    "a": 0,
                    "width": 1,
                    "height": 1,
                    "row": 1,
                    "col": 0,
                    "enabled": true,
                    "moduleType": "padding",
                    "variant": "board"
                },
                "padding-02": {
                    "x": 5.25,
                    "y": 3.4,
                    "a": 20,
                    "width": 3,
                    "height": 0.625,
                    "row": 2,
                    "col": 0,
                    "enabled": true,
                    "moduleType": "padding",
                    "variant": "board"
                }
            },
            "row": 4,
            "col": 7
        },
        "rightData": {
            "schemeVersion": "1.2",
            "modules": {
                "switch-00-00": {
                    "moduleType": "switch",
                    "x": 0.5,
                    "y": 1,
                    "row": 0,
                    "col": 0,
                    "width": 1,
                    "height": 1,
                    "a": 0,
                    "variant": "",
                    "enabled": false
                },
                "switch-00-01": {
                    "moduleType": "switch",
                    "x": 1,
                    "y": 0.5,
                    "row": 0,
                    "col": 1,
                    "width": 1,
                    "height": 1,
                    "a": 0,
                    "variant": "",
                    "enabled": true
                },
                "switch-00-02": {
                    "moduleType": "switch",
                    "x": 2,
                    "y": 0.375,
                    "row": 0,
                    "col": 2,
                    "width": 1,
                    "height": 1,
                    "a": 0,
                    "variant": "",
                    "enabled": true
                },
                "switch-00-03": {
                    "moduleType": "switch",
                    "x": 3,
                    "y": 0.25,
                    "row": 0,
                    "col": 3,
                    "width": 1,
                    "height": 1,
                    "a": 0,
                    "variant": "",
                    "enabled": true
                },
                "switch-00-04": {
                    "moduleType": "switch",
                    "x": 4,
                    "y": 0.5,
                    "row": 0,
                    "col": 4,
                    "width": 1,
                    "height": 1,
                    "a": 0,
                    "variant": "",
                    "enabled": true
                },
                "switch-00-05": {
                    "moduleType": "switch",
                    "x": 5,
                    "y": 0.625,
                    "row": 0,
                    "col": 5,
                    "width": 1,
                    "height": 1,
                    "a": 0,
                    "variant": "",
                    "enabled": true
                },
                "switch-00-06": {
                    "moduleType": "switch",
                    "x": 6,
                    "y": 0.625,
                    "row": 0,
                    "col": 6,
                    "width": 1,
                    "height": 1,
                    "a": 0,
                    "variant": "",
                    "enabled": true
                },
                "switch-00-07": {
                    "moduleType": "switch",
                    "x": 8.5,
                    "y": 0.8500000000000001,
                    "row": 0,
                    "col": 7,
                    "width": 1,
                    "height": 1,
                    "a": 0,
                    "variant": "",
                    "enabled": false
                },
                "switch-00-08": {
                    "moduleType": "switch",
                    "x": 9.5,
                    "y": 0.8500000000000001,
                    "row": 0,
                    "col": 8,
                    "width": 1,
                    "height": 1,
                    "a": 0,
                    "variant": "",
                    "enabled": false
                },
                "switch-00-09": {
                    "x": 9.125,
                    "y": 0,
                    "a": 0,
                    "width": 1,
                    "height": 1,
                    "row": 0,
                    "col": 9,
                    "enabled": false,
                    "moduleType": "switch"
                },
                "switch-00-10": {
                    "x": 10.125,
                    "y": 0,
                    "a": 0,
                    "width": 1,
                    "height": 1,
                    "row": 0,
                    "col": 10,
                    "enabled": false,
                    "moduleType": "switch"
                },
                "switch-00-11": {
                    "x": 11.125,
                    "y": 0,
                    "a": 0,
                    "width": 1,
                    "height": 1,
                    "row": 0,
                    "col": 11,
                    "enabled": false,
                    "moduleType": "switch"
                },
                "switch-00-12": {
                    "x": 12.125,
                    "y": 0,
                    "a": 0,
                    "width": 1,
                    "height": 1,
                    "row": 0,
                    "col": 12,
                    "enabled": false,
                    "moduleType": "switch"
                },
                "switch-01-00": {
                    "moduleType": "switch",
                    "x": -0.875,
                    "y": 3,
                    "row": 1,
                    "col": 0,
                    "width": 1,
                    "height": 1,
                    "a": 0,
                    "variant": "",
                    "enabled": false
                },
                "switch-01-01": {
                    "moduleType": "switch",
                    "x": 1,
                    "y": 1.5,
                    "row": 1,
                    "col": 1,
                    "width": 1,
                    "height": 1,
                    "a": 0,
                    "variant": "",
                    "enabled": true
                },
                "switch-01-02": {
                    "moduleType": "switch",
                    "x": 2,
                    "y": 1.375,
                    "row": 1,
                    "col": 2,
                    "width": 1,
                    "height": 1,
                    "a": 0,
                    "variant": "",
                    "enabled": true
                },
                "switch-01-03": {
                    "moduleType": "switch",
                    "x": 3,
                    "y": 1.25,
                    "row": 1,
                    "col": 3,
                    "width": 1,
                    "height": 1,
                    "a": 0,
                    "variant": "",
                    "enabled": true
                },
                "switch-01-04": {
                    "moduleType": "switch",
                    "x": 4,
                    "y": 1.5,
                    "row": 1,
                    "col": 4,
                    "width": 1,
                    "height": 1,
                    "a": 0,
                    "variant": "",
                    "enabled": true
                },
                "switch-01-05": {
                    "moduleType": "switch",
                    "x": 5,
                    "y": 1.625,
                    "row": 1,
                    "col": 5,
                    "width": 1,
                    "height": 1,
                    "a": 0,
                    "variant": "",
                    "enabled": true
                },
                "switch-01-06": {
                    "moduleType": "switch",
                    "x": 6,
                    "y": 1.625,
                    "row": 1,
                    "col": 6,
                    "width": 1,
                    "height": 1,
                    "a": 0,
                    "variant": "",
                    "enabled": true
                },
                "switch-01-07": {
                    "moduleType": "switch",
                    "x": 8.5,
                    "y": 1.8499999999999999,
                    "row": 1,
                    "col": 7,
                    "width": 1,
                    "height": 1,
                    "a": 0,
                    "enabled": false
                },
                "switch-01-08": {
                    "moduleType": "switch",
                    "x": 9.5,
                    "y": 1.8499999999999999,
                    "row": 1,
                    "col": 8,
                    "width": 1,
                    "height": 1,
                    "a": 0,
                    "enabled": false
                },
                "switch-01-09": {
                    "x": 9.125,
                    "y": 1,
                    "a": 0,
                    "width": 1,
                    "height": 1,
                    "row": 1,
                    "col": 9,
                    "enabled": false,
                    "moduleType": "switch"
                },
                "switch-01-10": {
                    "x": 10.125,
                    "y": 1,
                    "a": 0,
                    "width": 1,
                    "height": 1,
                    "row": 1,
                    "col": 10,
                    "enabled": false,
                    "moduleType": "switch"
                },
                "switch-01-11": {
                    "x": 11.125,
                    "y": 1,
                    "a": 0,
                    "width": 1,
                    "height": 1,
                    "row": 1,
                    "col": 11,
                    "enabled": false,
                    "moduleType": "switch"
                },
                "switch-01-12": {
                    "x": 12.125,
                    "y": 1,
                    "a": 0,
                    "width": 1,
                    "height": 1,
                    "row": 1,
                    "col": 12,
                    "enabled": false,
                    "moduleType": "switch"
                },
                "switch-02-00": {
                    "moduleType": "switch",
                    "x": 1.5,
                    "y": 2.5,
                    "row": 2,
                    "col": 0,
                    "width": 1,
                    "height": 1,
                    "a": 0,
                    "variant": "",
                    "enabled": false
                },
                "switch-02-01": {
                    "moduleType": "switch",
                    "x": 1,
                    "y": 2.5,
                    "row": 2,
                    "col": 1,
                    "width": 1,
                    "height": 1,
                    "a": 0,
                    "variant": "",
                    "enabled": true
                },
                "switch-02-02": {
                    "moduleType": "switch",
                    "x": 2,
                    "y": 2.375,
                    "row": 2,
                    "col": 2,
                    "width": 1,
                    "height": 1,
                    "a": 0,
                    "variant": "",
                    "enabled": true
                },
                "switch-02-03": {
                    "moduleType": "switch",
                    "x": 3,
                    "y": 2.25,
                    "row": 2,
                    "col": 3,
                    "width": 1,
                    "height": 1,
                    "a": 0,
                    "variant": "",
                    "enabled": true
                },
                "switch-02-04": {
                    "moduleType": "switch",
                    "x": 4,
                    "y": 2.5,
                    "row": 2,
                    "col": 4,
                    "width": 1,
                    "height": 1,
                    "a": 0,
                    "variant": "",
                    "enabled": true
                },
                "switch-02-05": {
                    "moduleType": "switch",
                    "x": 5,
                    "y": 2.625,
                    "row": 2,
                    "col": 5,
                    "width": 1,
                    "height": 1,
                    "a": 0,
                    "variant": "",
                    "enabled": true
                },
                "switch-02-06": {
                    "moduleType": "switch",
                    "x": 6,
                    "y": 2.625,
                    "row": 2,
                    "col": 6,
                    "width": 1,
                    "height": 1,
                    "a": 0,
                    "variant": "",
                    "enabled": true
                },
                "switch-02-07": {
                    "moduleType": "switch",
                    "x": 8.5,
                    "y": 2.85,
                    "row": 2,
                    "col": 7,
                    "width": 1,
                    "height": 1,
                    "a": 0,
                    "enabled": false
                },
                "switch-02-08": {
                    "moduleType": "switch",
                    "x": 9.5,
                    "y": 2.85,
                    "row": 2,
                    "col": 8,
                    "width": 1,
                    "height": 1,
                    "a": 0,
                    "enabled": false
                },
                "switch-02-09": {
                    "x": 9.125,
                    "y": 2,
                    "a": 0,
                    "width": 1,
                    "height": 1,
                    "row": 2,
                    "col": 9,
                    "enabled": false,
                    "moduleType": "switch"
                },
                "switch-02-10": {
                    "x": 10.125,
                    "y": 2,
                    "a": 0,
                    "width": 1,
                    "height": 1,
                    "row": 2,
                    "col": 10,
                    "enabled": false,
                    "moduleType": "switch"
                },
                "switch-02-11": {
                    "x": 11.125,
                    "y": 2,
                    "a": 0,
                    "width": 1,
                    "height": 1,
                    "row": 2,
                    "col": 11,
                    "enabled": false,
                    "moduleType": "switch"
                },
                "switch-02-12": {
                    "x": 12.125,
                    "y": 2,
                    "a": 0,
                    "width": 1,
                    "height": 1,
                    "row": 2,
                    "col": 12,
                    "enabled": false,
                    "moduleType": "switch"
                },
                "switch-03-00": {
                    "moduleType": "switch",
                    "x": 0,
                    "y": 4,
                    "row": 3,
                    "col": 0,
                    "width": 1,
                    "height": 1,
                    "a": -20,
                    "variant": "choc2",
                    "enabled": false
                },
                "switch-03-01": {
                    "moduleType": "switch",
                    "x": 0,
                    "y": 4.225,
                    "row": 3,
                    "col": 1,
                    "width": 1,
                    "height": 1,
                    "a": -20,
                    "variant": "choc2",
                    "enabled": true
                },
                "switch-03-02": {
                    "moduleType": "switch",
                    "x": 1.125,
                    "y": 3.875,
                    "row": 3,
                    "col": 2,
                    "width": 1,
                    "height": 1,
                    "a": -10,
                    "variant": "choc2",
                    "enabled": true
                },
                "switch-03-03": {
                    "moduleType": "switch",
                    "x": 2.25,
                    "y": 3.75,
                    "row": 3,
                    "col": 3,
                    "width": 1,
                    "height": 1,
                    "a": 0,
                    "variant": "choc2",
                    "enabled": true
                },
                "switch-03-04": {
                    "moduleType": "switch",
                    "x": 4,
                    "y": 3.5,
                    "row": 3,
                    "col": 4,
                    "width": 1,
                    "height": 1,
                    "a": 0,
                    "variant": "",
                    "enabled": true
                },
                "switch-03-05": {
                    "moduleType": "switch",
                    "x": 5,
                    "y": 3.625,
                    "row": 3,
                    "col": 5,
                    "width": 1,
                    "height": 1,
                    "a": 0,
                    "variant": "",
                    "enabled": true
                },
                "switch-03-06": {
                    "moduleType": "switch",
                    "x": 6,
                    "y": 3.625,
                    "row": 3,
                    "col": 6,
                    "width": 1,
                    "height": 1,
                    "a": 0,
                    "variant": "",
                    "enabled": true
                },
                "switch-03-07": {
                    "moduleType": "switch",
                    "x": 7.5,
                    "y": 3.85,
                    "row": 3,
                    "col": 7,
                    "width": 1,
                    "height": 1,
                    "a": 0,
                    "variant": "",
                    "enabled": false
                },
                "switch-03-08": {
                    "moduleType": "switch",
                    "x": 8.5,
                    "y": 3.85,
                    "row": 3,
                    "col": 8,
                    "width": 1,
                    "height": 1,
                    "a": 0,
                    "variant": "",
                    "enabled": false
                },
                "switch-03-09": {
                    "x": 9.125,
                    "y": 3,
                    "a": 0,
                    "width": 1,
                    "height": 1,
                    "row": 3,
                    "col": 9,
                    "enabled": false,
                    "moduleType": "switch"
                },
                "switch-03-10": {
                    "x": 10.125,
                    "y": 3,
                    "a": 0,
                    "width": 1,
                    "height": 1,
                    "row": 3,
                    "col": 10,
                    "enabled": false,
                    "moduleType": "switch"
                },
                "switch-03-11": {
                    "x": 11.125,
                    "y": 3,
                    "a": 0,
                    "width": 1,
                    "height": 1,
                    "row": 3,
                    "col": 11,
                    "enabled": false,
                    "moduleType": "switch"
                },
                "switch-03-12": {
                    "x": 12.125,
                    "y": 3,
                    "a": 0,
                    "width": 1,
                    "height": 1,
                    "row": 3,
                    "col": 12,
                    "enabled": false,
                    "moduleType": "switch"
                },
                "switch-04-00": {
                    "moduleType": "switch",
                    "x": 1.125,
                    "y": 5.309999999999999,
                    "row": 4,
                    "col": 0,
                    "width": 1,
                    "height": 1,
                    "a": -30,
                    "variant": "choc2",
                    "enabled": false
                },
                "switch-04-01": {
                    "moduleType": "switch",
                    "x": 2.08602540378444,
                    "y": 4.839999999999998,
                    "row": 4,
                    "col": 1,
                    "width": 1,
                    "height": 1,
                    "a": -22,
                    "variant": "choc2",
                    "enabled": false
                },
                "switch-04-02": {
                    "moduleType": "switch",
                    "x": 3.098012701892219,
                    "y": 4.5,
                    "row": 4,
                    "col": 2,
                    "width": 1,
                    "height": 1,
                    "a": -15,
                    "variant": "choc2",
                    "enabled": false
                },
                "switch-04-03": {
                    "moduleType": "switch",
                    "x": 4.223012701892219,
                    "y": 4.375,
                    "row": 4,
                    "col": 3,
                    "width": 1,
                    "height": 1,
                    "a": 0,
                    "variant": "choc2",
                    "enabled": false
                },
                "switch-04-04": {
                    "moduleType": "switch",
                    "x": 5.473012701892219,
                    "y": 4.375,
                    "row": 4,
                    "col": 4,
                    "width": 1,
                    "height": 1,
                    "a": 0,
                    "enabled": false
                },
                "switch-04-05": {
                    "moduleType": "switch",
                    "x": 6.473012701892219,
                    "y": 4.625,
                    "row": 4,
                    "col": 5,
                    "width": 1,
                    "height": 1,
                    "a": 0,
                    "enabled": false
                },
                "switch-04-06": {
                    "moduleType": "switch",
                    "x": 7.473012701892219,
                    "y": 4.625,
                    "row": 4,
                    "col": 6,
                    "width": 1,
                    "height": 1,
                    "a": 0,
                    "variant": "",
                    "enabled": false
                },
                "switch-04-07": {
                    "x": 7.125,
                    "y": 4,
                    "a": 0,
                    "width": 1,
                    "height": 1,
                    "row": 4,
                    "col": 7,
                    "enabled": false,
                    "moduleType": "switch"
                },
                "switch-04-08": {
                    "x": 8.125,
                    "y": 4,
                    "a": 0,
                    "width": 1,
                    "height": 1,
                    "row": 4,
                    "col": 8,
                    "enabled": false,
                    "moduleType": "switch"
                },
                "switch-04-09": {
                    "x": 9.125,
                    "y": 4,
                    "a": 0,
                    "width": 1,
                    "height": 1,
                    "row": 4,
                    "col": 9,
                    "enabled": false,
                    "moduleType": "switch"
                },
                "switch-04-10": {
                    "x": 10.125,
                    "y": 4,
                    "a": 0,
                    "width": 1,
                    "height": 1,
                    "row": 4,
                    "col": 10,
                    "enabled": false,
                    "moduleType": "switch"
                },
                "switch-04-11": {
                    "x": 11.125,
                    "y": 4,
                    "a": 0,
                    "width": 1,
                    "height": 1,
                    "row": 4,
                    "col": 11,
                    "enabled": false,
                    "moduleType": "switch"
                },
                "switch-04-12": {
                    "x": 12.125,
                    "y": 4,
                    "a": 0,
                    "width": 1,
                    "height": 1,
                    "row": 4,
                    "col": 12,
                    "enabled": false,
                    "moduleType": "switch"
                },
                "switch-05-00": {
                    "x": 0.125,
                    "y": 5,
                    "a": 0,
                    "width": 1,
                    "height": 1,
                    "row": 5,
                    "col": 0,
                    "enabled": false,
                    "moduleType": "switch"
                },
                "switch-05-01": {
                    "x": 1.125,
                    "y": 5,
                    "a": 0,
                    "width": 1,
                    "height": 1,
                    "row": 5,
                    "col": 1,
                    "enabled": false,
                    "moduleType": "switch"
                },
                "switch-05-02": {
                    "x": 2.125,
                    "y": 5,
                    "a": 0,
                    "width": 1,
                    "height": 1,
                    "row": 5,
                    "col": 2,
                    "enabled": false,
                    "moduleType": "switch"
                },
                "switch-05-03": {
                    "x": 3.125,
                    "y": 5,
                    "a": 0,
                    "width": 1,
                    "height": 1,
                    "row": 5,
                    "col": 3,
                    "enabled": false,
                    "moduleType": "switch"
                },
                "switch-05-04": {
                    "x": 4.125,
                    "y": 5,
                    "a": 0,
                    "width": 1,
                    "height": 1,
                    "row": 5,
                    "col": 4,
                    "enabled": false,
                    "moduleType": "switch"
                },
                "switch-05-05": {
                    "x": 5.125,
                    "y": 5,
                    "a": 0,
                    "width": 1,
                    "height": 1,
                    "row": 5,
                    "col": 5,
                    "enabled": false,
                    "moduleType": "switch"
                },
                "switch-05-06": {
                    "x": 6.125,
                    "y": 5,
                    "a": 0,
                    "width": 1,
                    "height": 1,
                    "row": 5,
                    "col": 6,
                    "enabled": false,
                    "moduleType": "switch"
                },
                "switch-05-07": {
                    "x": 7.125,
                    "y": 5,
                    "a": 0,
                    "width": 1,
                    "height": 1,
                    "row": 5,
                    "col": 7,
                    "enabled": false,
                    "moduleType": "switch"
                },
                "switch-05-08": {
                    "x": 8.125,
                    "y": 5,
                    "a": 0,
                    "width": 1,
                    "height": 1,
                    "row": 5,
                    "col": 8,
                    "enabled": false,
                    "moduleType": "switch"
                },
                "switch-05-09": {
                    "x": 9.125,
                    "y": 5,
                    "a": 0,
                    "width": 1,
                    "height": 1,
                    "row": 5,
                    "col": 9,
                    "enabled": false,
                    "moduleType": "switch"
                },
                "switch-05-10": {
                    "x": 10.125,
                    "y": 5,
                    "a": 0,
                    "width": 1,
                    "height": 1,
                    "row": 5,
                    "col": 10,
                    "enabled": false,
                    "moduleType": "switch"
                },
                "switch-05-11": {
                    "x": 11.125,
                    "y": 5,
                    "a": 0,
                    "width": 1,
                    "height": 1,
                    "row": 5,
                    "col": 11,
                    "enabled": false,
                    "moduleType": "switch"
                },
                "switch-05-12": {
                    "x": 12.125,
                    "y": 5,
                    "a": 0,
                    "width": 1,
                    "height": 1,
                    "row": 5,
                    "col": 12,
                    "enabled": false,
                    "moduleType": "switch"
                },
                "controller": {
                    "x": 3,
                    "y": 0.25,
                    "a": 0,
                    "width": 2,
                    "height": 1,
                    "row": 6,
                    "col": 0,
                    "enabled": true,
                    "moduleType": "controller",
                    "variant": "side-1"
                },
                "encoder": {
                    "x": 0.125,
                    "y": 0,
                    "a": 0,
                    "width": 1,
                    "height": 1,
                    "row": 6,
                    "col": 1,
                    "enabled": false,
                    "moduleType": "encoder"
                },
                "trackball": {
                    "moduleType": "trackball",
                    "x": 2.625,
                    "y": 1.125,
                    "row": 6,
                    "col": 2,
                    "width": 2,
                    "height": 2,
                    "a": -90,
                    "variant": "thumb-34",
                    "enabled": false
                },
                "switch-06-00": {
                    "x": 0.375,
                    "y": 6,
                    "a": 0,
                    "width": 1,
                    "height": 1,
                    "row": 6,
                    "col": 0,
                    "enabled": false,
                    "moduleType": "switch"
                },
                "switch-06-01": {
                    "x": 1.375,
                    "y": 6,
                    "a": 0,
                    "width": 1,
                    "height": 1,
                    "row": 6,
                    "col": 1,
                    "enabled": false,
                    "moduleType": "switch"
                },
                "switch-06-02": {
                    "x": 2.375,
                    "y": 6,
                    "a": 0,
                    "width": 1,
                    "height": 1,
                    "row": 6,
                    "col": 2,
                    "enabled": false,
                    "moduleType": "switch"
                },
                "switch-06-03": {
                    "x": 3.375,
                    "y": 6,
                    "a": 0,
                    "width": 1,
                    "height": 1,
                    "row": 6,
                    "col": 3,
                    "enabled": false,
                    "moduleType": "switch"
                },
                "padding-00": {
                    "moduleType": "padding",
                    "x": 1.0999999999999996,
                    "y": 1.75,
                    "row": 0,
                    "col": 0,
                    "width": 5,
                    "height": 4,
                    "a": 0,
                    "variant": "",
                    "enabled": false
                },
                "padding-01": {
                    "moduleType": "padding",
                    "x": 3,
                    "y": 3.5,
                    "row": 1,
                    "col": 0,
                    "width": 1,
                    "height": 1,
                    "a": 0,
                    "variant": "board",
                    "enabled": true
                },
                "padding-02": {
                    "moduleType": "padding",
                    "x": 0.75,
                    "y": 3.4,
                    "row": 2,
                    "col": 0,
                    "width": 3,
                    "height": 0.625,
                    "a": -20,
                    "variant": "board",
                    "enabled": true
                }
            },
            "row": 4,
            "col": 7
        }
    },
    "case": {
        "topHeight": 6.5,
        "plateHeight": 2.2,
        "connectorHeight": 2.5,
        "switchBoardHeight": 1.6,
        "controllerBoardHeight": 1.6,
        "batteryHeight": 6.2,
        "partsHeight": 2.5,
        "usbHeight": 3.5,
        "bottomMinThickness": 3,
        "tiltingAngle": 5.1,
        "tentingAngle": 0,
        "topRim": 2.5,
        "bottomRim": 5,
        "chamferHeight": 2,
        "chamferAngle": 30,
        "switchEmbankment": 0,
        "snapDirection": "horizontal",
        "mountType": "tadpole",
        "chamferType": "C",
        "lowerChamferHeight": 2,
        "cornerType": "round"
    }
}